student_code,version_code,Q1,Q2,Q3,Q4,Q5,Q6,Q7,Q8,Q9,Q10
22130001,101,B,D,A,C,D,B,D,A,D,D
22130002,102,,A,A,D,A,C,A,C,C,A
22130003,101,B,D,A,D,,D,C,A,D,C
22130004,102,,D,A,C,A,A,A,B,B,A
22130005,101,B,D,D,C,A,B,C,A,B,C
22130007,101,B,D,A,C,D,B,C,A,D,C
22130008,102,D,D,A,D,A,C,A,C,A,A
22130009,101,B,D,A,C,D,B,C,A,D,C
22130010,102,D,A,A,D,A,C,A,C,,A
22130011,101,B,D,A,C,D,B,C,A,D,B
22130012,102,D,A,A,A,A,A,A,C,A,A
22130013,101,C,D,C,D,C,B,A,A,A,
22130014,102,D,,A,D,A,C,C,C,A,A
22130015,101,B,D,A,C,D,B,C,A,D,C
22130016,102,D,A,A,D,A,C,A,D,A,A
22130017,101,C,D,A,A,A,C,B,A,D,B
22130019,101,A,D,A,D,C,A,C,,D,D
22130020,102,D,D,A,A,A,C,D,C,A,A
22130021,101,B,D,A,C,D,B,C,A,D,C
22130022,102,D,A,A,B,A,C,A,B,A,A
22130023,101,D,D,A,,D,A,C,C,D,
22130024,102,D,A,A,D,A,C,A,C,A,A
22130025,101,B,D,A,C,D,B,C,A,D,C
22130026,102,D,A,A,D,A,C,A,C,A,A
22130027,101,B,D,A,C,D,B,C,A,D,D
22130028,102,D,A,A,D,A,C,A,C,A,A
22130029,101,B,D,A,C,D,B,C,A,D,D
22130030,102,D,A,A,D,A,C,A,C,A,A
22130031,101,B,D,A,D,C,B,C,A,D,C
22130032,102,D,A,A,D,A,A,A,C,A,A
22130033,101,B,D,A,B,D,A,C,A,D,C
22130034,102,D,A,A,D,A,C,A,A,A,A
22130035,101,B,D,A,C,D,B,C,A,D,C
22130036,102,D,A,A,D,A,D,A,C,A,A
22130037,101,B,D,A,C,D,B,C,A,D,C
22130038,102,D,A,A,A,A,B,A,D,C,B
22130039,101,B,D,C,C,D,B,C,A,D,C
22130040,102,D,A,A,D,A,C,A,C,A,A
